class_name,time,accuracy_score,f1_score,n
SVC,372.1959593296051,0.9746666666666668,0.975483870967742,7500
