class_name,time,accuracy_score,f1_score,n
SVC,490.2201855182648,0.9729411764705882,0.9738339021615472,8500
