class_name,time,accuracy_score,f1_score,n
SVC,84.45443034172058,0.9642857142857144,0.9676584734799484,3500
