class_name,time,accuracy_score,f1_score,n
SVC,62.29796814918518,0.9633333333333334,0.9639344262295082,3000
