class_name,time,accuracy_score,f1_score,n
LinearSVM,6.691291570663452,0.9642857142857144,0.9676584734799484,3500
