class_name,time,accuracy_score,f1_score,n
LinearSVM,0.7793605327606201,0.9666666666666668,0.9696969696969696,1500
