class_name,time,accuracy_score,f1_score,n
LinearSVM,25.597174167633057,0.9776923076923076,0.9787234042553192,6500
