class_name,time,accuracy_score,f1_score,n
LinearSVM,36.02343821525574,0.9733333333333334,0.9741935483870968,7500
