class_name,n,time,prep_time,accuracy_score,f1_score
SVM,3500,6.403428792953491,13.53478479385376,0.9657142857142857,0.9685039370078741
