class_name,n,time,prep_time,accuracy_score,f1_score
SVM,9000,20.52791714668274,34.5597939491272,0.9794444444444445,0.9801608579088471
