class_name,n,time,prep_time,accuracy_score,f1_score
SVM,7500,14.595690488815308,29.21225333213806,0.9746666666666667,0.9754838709677419
