class_name,n,time,prep_time,accuracy_score,f1_score
SVM,5500,13.653204917907715,21.439469575881958,0.9636363636363636,0.9656357388316152
