class_name,n,time,prep_time,accuracy_score,f1_score
SVM,1500,1.4822196960449219,5.94840669631958,0.9633333333333334,0.966966966966967
