class_name,n,time,prep_time,accuracy_score,f1_score
SVM,7000,14.78186845779419,26.989282608032227,0.9771428571428571,0.9784656796769852
