class_name,n,time,prep_time,accuracy_score,f1_score
SVM,6000,14.563397645950317,23.2987802028656,0.9758333333333333,0.9771473601260835
