class_name,n,time,prep_time,accuracy_score,f1_score
SVM,3000,4.121941089630127,11.528887271881104,0.9666666666666667,0.9668874172185431
