class_name,time,accuracy_score,f1_score,n
SVC,229.95669388771057,0.9766666666666668,0.9780907668231612,6000
