class_name,time,accuracy_score,f1_score,n
SVC,324.9208884239197,0.9771428571428572,0.978523489932886,7000
