class_name,time,accuracy_score,f1_score,n
SVC,600.2928748130798,0.9794736842105264,0.9805097451274364,9500
