class_name,time,accuracy_score,f1_score,n
SVC,547.23876953125,0.9772222222222222,0.9781333333333332,9000
