class_name,time,accuracy_score,f1_score,n
SVC,281.14698481559753,0.9746153846153848,0.9759650400582666,6500
