class_name,time,accuracy_score,f1_score,n
SVC,207.766441822052,0.9590909090909092,0.9616368286445012,5500
