class_name,time,accuracy_score,f1_score,n
LinearSVM,21.216293334960938,0.9766666666666668,0.9780907668231612,6000
