class_name,time,accuracy_score,f1_score,n
LinearSVM,11.114721298217772,0.9633333333333334,0.9652265542676502,4500
