class_name,n,time,prep_time,accuracy_score,f1_score
SVM,6500,15.397516250610352,25.154284238815308,0.9730769230769231,0.9745083758193736
