class_name,n,time,prep_time,accuracy_score,f1_score
SVM,8500,19.03803324699402,33.161818504333496,0.9741176470588235,0.9751412429378531
