class_name,n,time,prep_time,accuracy_score,f1_score
SVM,4500,8.94252610206604,17.62816572189331,0.9666666666666667,0.9680170575692963
