class_name,n,time,prep_time,accuracy_score,f1_score
SVM,8000,18.731438636779785,30.904573440551758,0.9775,0.9783132530120482
